{
    "inSceneObjectDatas": [
        {
            "mapGridIndex": 22,
            "inSceneObjectType": 2,
            "borderDir": 4,
            "position": {
                "x": 0.4000000059604645,
                "y": 0.7250000238418579,
                "z": 0.0
            },
            "rotation": {
                "x": 0.0,
                "y": 0.0,
                "z": 0.7071068286895752,
                "w": 0.7071068286895752
            },
            "scale": {
                "x": 1.0,
                "y": 1.0,
                "z": 1.0
            }
        },
        {
            "mapGridIndex": 21,
            "inSceneObjectType": 2,
            "borderDir": 4,
            "position": {
                "x": -0.5499999523162842,
                "y": 0.7250000238418579,
                "z": 0.0
            },
            "rotation": {
                "x": 0.0,
                "y": 0.0,
                "z": 0.7071068286895752,
                "w": 0.7071068286895752
            },
            "scale": {
                "x": 1.0,
                "y": 1.0,
                "z": 1.0
            }
        }
    ],
    "timeLimit": 0.0,
    "basicReflectorAmount": 0,
    "translucentReflectorAmount": 0,
    "doubleWayReflectorAmount": 0,
    "splitReflectorAmount": 0,
    "threeWayReflectorAmount": 0
}
