{
    "inSceneObjectDatas": [
        {
            "inSceneObjectType": 1,
            "position": {
                "x": -0.764702558517456,
                "y": 1.975480318069458,
                "z": 0.0
            },
            "rotation": {
                "x": 0.0,
                "y": 0.0,
                "z": 0.0,
                "w": 1.0
            },
            "scale": {
                "x": 1.0,
                "y": 1.0,
                "z": 1.0
            }
        }
    ]
}
