{
    "inSceneObjectDatas": [
        {
            "inSceneObjectType": 1,
            "position": {
                "x": -0.05098026990890503,
                "y": 2.740182638168335,
                "z": 0.0
            },
            "rotation": {
                "x": 0.0,
                "y": 0.0,
                "z": -0.29155224561691286,
                "w": 0.9565548896789551
            },
            "scale": {
                "x": 1.0,
                "y": 1.0,
                "z": 1.0
            }
        }
    ]
}
