{
    "inSceneObjectDatas": [
        {
            "inSceneObjectType": 1,
            "position": {
                "x": -2.8293986320495607,
                "y": 0.43333160877227785,
                "z": 0.0
            },
            "rotation": {
                "x": 0.0,
                "y": 0.0,
                "z": 0.0,
                "w": 1.0
            },
            "scale": {
                "x": 1.0,
                "y": 1.0,
                "z": 1.0
            }
        }
    ]
}
